id	var	positive_size	positive_estimate	positive_p.value	positive_q.value	positive_message	negative_size	negative_estimate	negative_p.value	negative_q.value	negative_message
Dorea	dbp_m_all	5	2.12590434936318	9.53213564380694e-05	0.0838827936655011						
Dorea	sbp_m_all	5	2.02905127684832	0.000207454830399589	0.091280125375819						
Dorea	syssd_all	5	2.05890220129182	0.000312150510348751	0.0915641497023003						
Mediterraneibacter	sbp_m_all	4	2.00887268929108	0.0010584774006314	0.232865028138909		1	0.700081072058754	0.653346653346653	0.998272797817217	
Butyricicoccus	sbp_m_all	1	2.01562106324011	0.00190542407897014	0.265893945941557		2	0.126975195283818	0.98001998001998	0.998272797817217	
Mediterraneibacter	dbp_m_all	4	1.94339980206425	0.0020164162653316	0.265893945941557		1	0.144402960260685	0.924075924075924	0.998272797817217	
Dorea	diasd_all	5	1.94564710287992	0.00249738409822372	0.265893945941557						
Mediterraneibacter	syssd_all	5	1.88232396790487	0.00405274722825956	0.356641756086841						
Ruminococcus	diasd_all	14	1.72560343097664	0.00457326979793704	0.365861583834963		5	1.04397461314966	0.446553446553447	0.998272797817217	
Eubacterium	dbp_m_all	11	1.72927270261539	0.00509379368979664	0.373544870585087		6	0.86943735094284	0.657342657342657	0.998272797817217	
Roseburia	diasd_all	4	1.87413841196273	0.00658100929623711	0.385992466991219		4	0.862240366764593	0.661338661338661	0.998272797817217	
Collinsella	syssd_all	8	1.7362695754066	0.00672973110533445	0.385992466991219						
Intestinibacter	dbp_m_all	2	1.8633506291978	0.00717589672502863	0.385992466991219						
Collinsella	diasd_all	8	1.76541376859954	0.0081455205349003	0.385992466991219						
Faecalibacterium	sbp_m_all	8	1.72960085816573	0.0081455205349003	0.385992466991219		4	0.405700850509493	0.939060939060939	0.998272797817217	
Roseburia	syssd_all	4	1.83633827479887	0.00934116187841357	0.385992466991219		4	0.987737651223571	0.530469530469531	0.998272797817217	
Faecalibacterium	dbp_m_all	10	1.7263490728522	0.00978952830308573	0.385992466991219		2	1.15510148886187	0.400599400599401	0.998272797817217	
Megasphaera	syssd_all	3	1.77441818630775	0.0100884394781796	0.385992466991219		1	0.566961831593182	0.708291708291708	0.998272797817217	
Fusicatenibacter	diasd_all	1	1.99874142219293	0.0111346297818653	0.408269758668393						
Fusicatenibacter	dbp_m_all	1	1.96037437999752	0.0129281021374671	0.455069195238843						
Pediococcus	syssd_all	2	1.8687706854137	0.0139742957193097	0.455458527147872						
Fusicatenibacter	sbp_m_all	1	1.99384737891498	0.0151699464373499	0.476769745173853						
Roseburia	dbp_m_all	4	1.74459212814632	0.0166718744695258	0.505905156316644		4	0.834893919129465	0.703296703296703	0.998272797817217	
Fusicatenibacter	syssd_all	1	1.94895844034978	0.0199761279559169	0.567064277458287						
Allisonella	syssd_all	1	1.93989351737141	0.0220788405322491	0.607168114636849						
Allisonella	diasd_all	1	1.97776512540829	0.024975024975025	0.646412411118294						
Pediococcus	diasd_all	2	1.81569197058663	0.024975024975025	0.646412411118294						
Clostridium	sbp_m_all	20	1.46025446008113	0.026973026973027	0.654229491438794		13	1.23679205393908	0.192807192807193	0.998272797817217	
Clostridium	dbp_m_all	22	1.42862366268966	0.027972027972028	0.654229491438794		11	0.867996289926058	0.676323676323676	0.998272797817217	
Coprobacillus	syssd_all	1	1.92478531240746	0.028971028971029	0.654229491438794		1	1.00559108644061	0.501498501498502	0.998272797817217	
Eubacterium	sbp_m_all	12	1.53155393138995	0.028971028971029	0.654229491438794		5	1.80826716626432	0.00949061730540365	0.385992466991219	
Veillonella	diasd_all	4	1.68985364207601	0.02997002997003	0.654229491438794		1	0.251589308068039	0.874125874125874	0.998272797817217	
Faecalibacterium	diasd_all	8	1.55086305067242	0.030969030969031	0.654229491438794		4	0.289764704457935	0.972027972027972	0.998272797817217	
Faecalicatena	diasd_all	1	1.96278205627641	0.030969030969031	0.654229491438794						
Anaerobutyricum	diasd_all	2	1.76814520867274	0.031968031968032	0.654229491438794						
Intestinibacillus	sbp_m_all	1	1.94718948393257	0.032967032967033	0.659340659340659						
Streptococcus	sbp_m_all	9	1.53664397296821	0.034965034965035	0.663825969948419		2	0.3770186567658	0.898101898101898	0.998272797817217	
Blautia	sbp_m_all	11	1.51814981386651	0.036963036963037	0.663825969948419		4	0.297778233798217	0.971028971028971	0.998272797817217	
Butyricicoccus	dbp_m_all	2	1.72448323477523	0.036963036963037	0.663825969948419		1	0.47880981560122	0.761238761238761	0.998272797817217	
Clostridium	syssd_all	17	1.4790538069429	0.036963036963037	0.663825969948419		16	0.437530855320857	0.985014985014985	0.998272797817217	
Intestinibacter	sbp_m_all	2	1.78057497806578	0.036963036963037	0.663825969948419						
Oscillibacter	sbp_m_all	3	1.69064741473782	0.040959040959041	0.666430343849699		3	1.76491328040118	0.019074966632756	0.559532354560844	
Intestinibacillus	syssd_all	1	1.89456890247956	0.042957042957043	0.666430343849699						
Coprobacillus	dbp_m_all	1	1.91189526086311	0.044955044955045	0.666430343849699		1	0.157703232916275	0.917082917082917	0.998272797817217	
Coprobacillus	sbp_m_all	1	1.91608422061097	0.045954045954046	0.666430343849699		1	0.890838857360867	0.56943056943057	0.998272797817217	
Gemmiger	dbp_m_all	1	1.90280542602541	0.045954045954046	0.666430343849699		2	0.95058122325951	0.566433566433567	0.998272797817217	
Intestinibacillus	dbp_m_all	1	1.89371559118771	0.046953046953047	0.666430343849699						
Raoultella	syssd_all	1	1.88852562049398	0.046953046953047	0.666430343849699						
Rothia	diasd_all	1	1.92981930418627	0.051948051948052	0.714285714285714						
Mediterraneibacter	diasd_all	5	1.56488771406171	0.056943056943057	0.770921386306002						
Faecalibacterium	syssd_all	9	1.44996891488725	0.058941058941059	0.785880785880786		3	0.273152025345469	0.959040959040959	0.998272797817217	
Scardovia	dbp_m_all	1	1.8482664169992	0.0629370629370629	0.802675585284281						
Actinomyces	sbp_m_all	1	1.86942632562856	0.0689310689310689	0.842992623814542						
Slackia	sbp_m_all	2	1.66124191075273	0.0689310689310689	0.842992623814542						
Gemmiger	sbp_m_all	1	1.86009474663208	0.0699300699300699	0.842992623814542		2	0.779432352588363	0.683316683316683	0.998272797817217	
Allisonella	dbp_m_all	1	1.8361466372156	0.0749250749250749	0.879120879120879						
Clostridium	diasd_all	22	1.36006701498616	0.0749250749250749	0.879120879120879		11	0.800712833067516	0.748251748251748	0.998272797817217	
Evtepia	diasd_all	1	1.88786671061701	0.0769230769230769	0.879120879120879						
Lachnospira	dbp_m_all	1	1.8331166922697	0.0769230769230769	0.879120879120879						
Anaeromassilibacillus	syssd_all	1	1.82809280063817	0.0779220779220779	0.879120879120879		1	1.53999092094905	0.242757242757243	0.998272797817217	
Escherichia	dbp_m_all	3	1.52611361315091	0.0809190809190809	0.900827567494234		1	0.549111256780765	0.734265734265734	0.998272797817217	
Allisonella	sbp_m_all	1	1.85076316763559	0.0819180819180819	0.900827567494234						
Veillonella	sbp_m_all	3	1.55657286153811	0.0829170829170829	0.900827567494234		2	0.907845377104213	0.592407592407592	0.998272797817217	
Evtepia	dbp_m_all	1	1.8149370225943	0.0869130869130869	0.921488150403813						
Roseburia	sbp_m_all	5	1.46661013643747	0.0869130869130869	0.921488150403813		3	0.866468135026857	0.64035964035964	0.998272797817217	
Evtepia	syssd_all	1	1.79787639071027	0.0909090909090909	0.940454893943266						
Coprococcus	diasd_all	6	1.45065194465142	0.0959040959040959	0.955566172957477		1	0.695450119862873	0.658341658341658	0.998272797817217	
Intestinibacillus	diasd_all	1	1.85490395852687	0.0989010989010989	0.955566172957477						
Evtepia	sbp_m_all	1	1.81343685164967	0.0999000999000999	0.955566172957477						
Blautia	dbp_m_all	10	1.3616743734316	0.103896103896104	0.980557903634827		5	0.48975827913715	0.936063936063936	0.998272797817217	
Actinomyces	syssd_all	1	1.77370326276794	0.107892107892108	0.980557903634827						
Megamonas	diasd_all	1	1.83392766174223	0.107892107892108	0.980557903634827						
Scardovia	sbp_m_all	1	1.80721579898535	0.107892107892108	0.980557903634827						
Lachnospira	sbp_m_all	1	1.80410527265318	0.10989010989011	0.980557903634827						
Pediococcus	dbp_m_all	2	1.53756873814525	0.111888111888112	0.980557903634827						
Raoultella	diasd_all	1	1.82793443408948	0.112887112887113	0.980557903634827						
Blautia	syssd_all	11	1.34331787084064	0.114885114885115	0.980557903634827		4	0.806940080058173	0.707292707292707	0.998272797817217	
Slackia	dbp_m_all	2	1.52843466643349	0.115884115884116	0.980557903634827						
Senegalimassilia	diasd_all	2	1.57795816101719	0.11988011988012	0.998272797817217						
Lachnospira	syssd_all	1	1.74046521184725	0.121878121878122	0.998272797817217						
Gemmiger	syssd_all	2	1.5204853245164	0.122877122877123	0.998272797817217		1	0.00383082318644033	0.994005994005994	0.998272797817217	
Senegalimassilia	syssd_all	2	1.51092097969618	0.127872127872128	0.998272797817217						
Weissella	sbp_m_all	2	1.52961971548687	0.12987012987013	0.998272797817217						
Streptococcus	diasd_all	10	1.32689144098555	0.130869130869131	0.998272797817217		1	0.204544152900845	0.896103896103896	0.998272797817217	
Merdimonas	syssd_all	1	1.71931372489772	0.131868131868132	0.998272797817217						
Actinomyces	dbp_m_all	1	1.72403867421729	0.134865134865135	0.998272797817217						
Collinsella	dbp_m_all	8	1.34650282160362	0.134865134865135	0.998272797817217						
Anaerostipes	diasd_all	4	1.40913308974255	0.141858141858142	0.998272797817217		2	1.33115597684671	0.258741258741259	0.998272797817217	
Bifidobacterium	diasd_all	6	1.3684645401882	0.142857142857143	0.998272797817217		3	0.757592043379868	0.737262737262737	0.998272797817217	
Staphylococcus	dbp_m_all	1	1.69979911465009	0.144855144855145	0.998272797817217		1	1.24452551277301	0.381618381618382	0.998272797817217	
Propionibacterium	diasd_all	1	1.74103263312457	0.151848151848152	0.998272797817217						
Tyzzerella	dbp_m_all	1	1.68161944497469	0.154845154845155	0.998272797817217						
Anaerotignum	sbp_m_all	1	1.69834737735972	0.155844155844156	0.998272797817217		1	0.4063140826935	0.802197802197802	0.998272797817217	
Anaerostipes	syssd_all	5	1.34664256852932	0.156843156843157	0.998272797817217		1	0.73168722861012	0.634365634365634	0.998272797817217	
Flavonifractor	sbp_m_all	1	1.68590527203108	0.157842157842158	0.998272797817217		2	0.587594854490571	0.801198801198801	0.998272797817217	
Lachnospira	diasd_all	1	1.70207665338168	0.161838161838162	0.998272797817217						
Holdemania	syssd_all	2	1.45892572330988	0.162837162837163	0.998272797817217						
Holdemanella	sbp_m_all	2	1.46507919543316	0.163836163836164	0.998272797817217						
Escherichia	syssd_all	1	1.64679434107075	0.167832167832168	0.998272797817217		3	0.649770509002829	0.801198801198801	0.998272797817217	
Megamonas	dbp_m_all	1	1.65737988540748	0.167832167832168	0.998272797817217						
Flavonifractor	syssd_all	2	1.4381573457402	0.173826173826174	0.998272797817217		1	1.0994462545084	0.446553446553447	0.998272797817217	
Anaerobutyricum	dbp_m_all	2	1.42056361071928	0.174825174825175	0.998272797817217						
Leuconostoc	diasd_all	2	1.4486904020638	0.174825174825175	0.998272797817217						
Propionibacterium	syssd_all	1	1.6316861361068	0.174825174825175	0.998272797817217						
Parabacteroides	dbp_m_all	3	1.37168632506103	0.175824175824176	0.998272797817217		8	0.994634411206492	0.491508491508492	0.998272797817217	
Fenollaria	syssd_all	1	1.62262121312843	0.177822177822178	0.998272797817217						
Agathobaculum	diasd_all	1	1.6751071289443	0.17982017982018	0.998272797817217		1	0.081817661160338	0.96003996003996	0.998272797817217	
Faecalitalea	dbp_m_all	1	1.63920021573208	0.180819180819181	0.998272797817217						
Gardnerella	diasd_all	1	1.66611728746517	0.182817182817183	0.998272797817217						
Anaerobutyricum	sbp_m_all	2	1.43827749550993	0.185814185814186	0.998272797817217						
Fournierella	diasd_all	1	1.66312067363879	0.186813186813187	0.998272797817217						
Romboutsia	dbp_m_all	2	1.40055766246894	0.186813186813187	0.998272797817217						
Rothia	syssd_all	1	1.59542644419331	0.187812187812188	0.998272797817217						
Flintibacter	syssd_all	2	1.42151101270977	0.18981018981019	0.998272797817217						
Veillonella	dbp_m_all	3	1.35265957803811	0.192807192807193	0.998272797817217		2	0.868964602179833	0.627372627372627	0.998272797817217	
Romboutsia	sbp_m_all	2	1.41315474449665	0.195804195804196	0.998272797817217						
Adlercreutzia	sbp_m_all	1	1.59570000839842	0.198801198801199	0.998272797817217						
Acidaminococcus	dbp_m_all	4	1.31047455468308	0.1998001998002	0.998272797817217		1	1.03552122818518	0.484515484515485	0.998272797817217	
Megamonas	sbp_m_all	1	1.5894789557341	0.201798201798202	0.998272797817217						
Actinomyces	diasd_all	1	1.62716130772228	0.202797202797203	0.998272797817217						
Coprobacillus	diasd_all	2	1.40372377482303	0.203796203796204	0.998272797817217						
Anaerotignum	dbp_m_all	1	1.59678098648948	0.206793206793207	0.998272797817217		1	0.283105803668976	0.865134865134865	0.998272797817217	
Lactococcus	sbp_m_all	3	1.32439497672886	0.208791208791209	0.998272797817217						
Anaeromassilibacillus	diasd_all	1	1.6121782385904	0.20979020979021	0.998272797817217		1	0.949084869459921	0.508491508491509	0.998272797817217	
Coprococcus	dbp_m_all	5	1.27338070129156	0.20979020979021	0.998272797817217		2	0.320016387910074	0.924075924075924	0.998272797817217	
Rothia	dbp_m_all	1	1.59072109659768	0.210789210789211	0.998272797817217						
Eggerthella	diasd_all	1	1.60318839711127	0.212787212787213	0.998272797817217		1	0.472496993200952	0.762237762237762	0.998272797817217	
Blautia	diasd_all	11	1.22140286668924	0.214785214785215	0.998272797817217		4	0.443562893747146	0.938061938061938	0.998272797817217	
Anaerobutyricum	syssd_all	2	1.37634502199045	0.216783216783217	0.998272797817217						
Coprococcus	sbp_m_all	6	1.24917232215323	0.218781218781219	0.998272797817217		1	0.227001764509514	0.894105894105894	0.998272797817217	
Bifidobacterium	syssd_all	6	1.25621874633413	0.222777222777223	0.998272797817217		3	0.937780296371939	0.588411588411588	0.998272797817217	
Adlercreutzia	syssd_all	1	1.51384213738797	0.225774225774226	0.998272797817217						
Enterobacter	sbp_m_all	3	1.29740033479436	0.226773226773227	0.998272797817217		3	0.526341001965795	0.874125874125874	0.998272797817217	
Dialister	dbp_m_all	3	1.29399000597862	0.232767232767233	0.998272797817217		1	0.102602103343119	0.947052947052947	0.998272797817217	
Enterococcus	syssd_all	3	1.28573710407987	0.233766233766234	0.998272797817217		4	1.3679786822017	0.137862137862138	0.998272797817217	
Phocaeicola	diasd_all	4	1.26829326408075	0.234765234765235	0.998272797817217		3	0.980101686886158	0.538461538461538	0.998272797817217	
Lactococcus	syssd_all	2	1.35187666604395	0.236763236763237	0.998272797817217		1	1.10710790088128	0.444555444555445	0.998272797817217	
Megasphaera	sbp_m_all	4	1.2761845337791	0.238761238761239	0.998272797817217						
Culturomica	dbp_m_all	1	1.51497247295017	0.244755244755245	0.998272797817217						
Gemella	diasd_all	1	1.52227982379911	0.244755244755245	0.998272797817217						
Alloscardovia	dbp_m_all	1	1.50285269316657	0.24975024975025	0.998272797817217						
Pseudoflavonifractor	sbp_m_all	2	1.33150580370351	0.250749250749251	0.998272797817217		4	0.441643716327983	0.927072927072927	0.998272797817217	
Limosilactobacillus	dbp_m_all	4	1.22183688883573	0.252747252747253	0.998272797817217		1	0.146302999211484	0.923076923076923	0.998272797817217	
Agathobaculum	syssd_all	2	1.33250588425297	0.253746253746254	0.998272797817217						
Enterobacter	dbp_m_all	3	1.26863110770111	0.254745254745255	0.998272797817217		3	0.70317766047003	0.787212787212787	0.998272797817217	
Bilophila	dbp_m_all	1	1.48467302349116	0.25974025974026	0.998272797817217						
Megamonas	syssd_all	1	1.46247424051054	0.25974025974026	0.998272797817217						
Oscillibacter	dbp_m_all	3	1.26098837169516	0.25974025974026	0.998272797817217		3	1.42143642794849	0.138861138861139	0.998272797817217	
Ruminococcus	syssd_all	15	1.15962265839319	0.262737262737263	0.998272797817217		4	1.55178697499002	0.048951048951049	0.683760683760684	
Bilophila	sbp_m_all	1	1.45261579711903	0.264735264735265	0.998272797817217						
Frisingicoccus	sbp_m_all	1	1.44950527078687	0.265734265734266	0.998272797817217		1	1.73589584624923	0.123876123876124	0.998272797817217	
Oxalobacter	diasd_all	1	1.45935093344521	0.266733266733267	0.998272797817217		3	1.51315647989064	0.0969030969030969	0.955566172957477	
Anaerotignum	syssd_all	2	1.31211558763089	0.270729270729271	0.998272797817217						
Mitsuokella	diasd_all	1	1.45036109196608	0.271728271728272	0.998272797817217						
Levilactobacillus	sbp_m_all	1	1.43395263912607	0.275724275724276	0.998272797817217						
Gemmiger	diasd_all	2	1.28654851475589	0.276723276723277	0.998272797817217		1	0.255680191126056	0.873126873126873	0.998272797817217	
Slackia	diasd_all	2	1.28216920773751	0.27972027972028	0.998272797817217						
Streptococcus	syssd_all	10	1.16427792111879	0.27972027972028	0.998272797817217		1	0.589946770711824	0.694305694305694	0.998272797817217	
Acidaminococcus	sbp_m_all	3	1.24176366308957	0.280719280719281	0.998272797817217		2	0.619440719637339	0.783216783216783	0.998272797817217	
Pseudoflavonifractor	syssd_all	3	1.23780294306409	0.280719280719281	0.998272797817217		3	1.14594691161055	0.37962037962038	0.998272797817217	
Tyzzerella	sbp_m_all	1	1.42773158646174	0.280719280719281	0.998272797817217						
Collinsella	sbp_m_all	8	1.1650608554219	0.283716283716284	0.998272797817217						
Hafnia	dbp_m_all	1	1.44225379424856	0.284715284715285	0.998272797817217		1	1.2616258633302	0.372627372627373	0.998272797817217	
Rothia	sbp_m_all	1	1.41840000746526	0.284715284715285	0.998272797817217						
Sutterella	dbp_m_all	3	1.2288015925792	0.284715284715285	0.998272797817217		2	1.33308601827628	0.235764235764236	0.998272797817217	
Turicibacter	diasd_all	1	1.42039495370232	0.285714285714286	0.998272797817217						
Alistipes	dbp_m_all	1	1.43013401446496	0.288711288711289	0.998272797817217		17	1.39925045354297	0.0599400599400599	0.787272429063474	
Anaeromassilibacillus	dbp_m_all	1	1.42710406951906	0.28971028971029	0.998272797817217		1	0.410408413372475	0.803196803196803	0.998272797817217	
Fournierella	syssd_all	1	1.4111063436331	0.290709290709291	0.998272797817217						
Limosilactobacillus	sbp_m_all	5	1.17536199928974	0.290709290709291	0.998272797817217						
Eggerthella	syssd_all	1	1.40506306164752	0.291708291708292	0.998272797817217		1	0.421390550508446	0.784215784215784	0.998272797817217	
Limosilactobacillus	diasd_all	2	1.26593253595729	0.295704295704296	0.998272797817217		3	0.211856041488493	0.973026973026973	0.998272797817217	
Slackia	syssd_all	2	1.26348364173723	0.2997002997003	0.998272797817217						
Acidaminococcus	diasd_all	3	1.23660039412151	0.302697302697303	0.998272797817217		2	0.263737965624084	0.936063936063936	0.998272797817217	
Megasphaera	diasd_all	4	1.19978435693744	0.304695304695305	0.998272797817217						
Olsenella	sbp_m_all	2	1.26555858229367	0.306693306693307	0.998272797817217		2	0.73450266810332	0.722277722277722	0.998272797817217	
Holdemania	diasd_all	2	1.23918748238073	0.311688311688312	0.998272797817217						
Butyricicoccus	diasd_all	3	1.22108180162422	0.312687312687313	0.998272797817217						
Ruminococcus	dbp_m_all	14	1.12718233550644	0.312687312687313	0.998272797817217		5	0.835594936223946	0.692307692307692	0.998272797817217	
Holdemanella	diasd_all	2	1.23365402302006	0.313686313686314	0.998272797817217						
Anaerotruncus	diasd_all	1	1.37544574630668	0.315684315684316	0.998272797817217		1	1.98612372466721	0.043956043956044	0.666430343849699	
Levilactobacillus	diasd_all	1	1.38143897395943	0.315684315684316	0.998272797817217						
Amedibacillus	sbp_m_all	1	1.34685790182557	0.317682317682318	0.998272797817217						
Sutterella	diasd_all	2	1.22289397248446	0.318681318681319	0.998272797817217		3	0.659107684630866	0.804195804195804	0.998272797817217	
Alloscardovia	sbp_m_all	1	1.33752632282909	0.321678321678322	0.998272797817217						
Sellimonas	sbp_m_all	1	1.34063684916125	0.321678321678322	0.998272797817217						
Bifidobacterium	sbp_m_all	8	1.12923792046268	0.322677322677323	0.998272797817217		1	0.864132767418571	0.58041958041958	0.998272797817217	
Monoglobus	sbp_m_all	1	1.33441579649692	0.323676323676324	0.998272797817217						
Eubacterium	syssd_all	10	1.12244463542328	0.324675324675325	0.998272797817217		7	0.57632956696943	0.919080919080919	0.998272797817217	
Dialister	sbp_m_all	4	1.16266946743217	0.326673326673327	0.998272797817217						
Leuconostoc	syssd_all	1	1.32045711384939	0.331668331668332	0.998272797817217		1	0.0593777593898265	0.962037962037962	0.998272797817217	
Agathobaculum	sbp_m_all	1	1.30642105950748	0.335664335664336	0.998272797817217		1	0.467356573990176	0.78021978021978	0.998272797817217	
Phocaeicola	syssd_all	4	1.15086761717783	0.33966033966034	0.998272797817217		3	0.966016025440218	0.563436563436564	0.998272797817217	
Holdemania	dbp_m_all	2	1.22092091880444	0.340659340659341	0.998272797817217						
Faecalicatena	syssd_all	1	1.29024070392149	0.344655344655345	0.998272797817217						
Sellimonas	syssd_all	1	1.29326234491428	0.344655344655345	0.998272797817217						
Staphylococcus	sbp_m_all	1	1.28775790151451	0.345654345654346	0.998272797817217		1	0.518861176021747	0.755244755244755	0.998272797817217	
Erysipelatoclostridium	diasd_all	5	1.14888470671509	0.348651348651349	0.998272797817217		2	0.481659039610635	0.843156843156843	0.998272797817217	
Merdimonas	diasd_all	1	1.3095202421264	0.351648351648352	0.998272797817217						
Lactococcus	diasd_all	3	1.17725692152683	0.355644355644356	0.998272797817217						
Anaerotruncus	sbp_m_all	1	1.26909474352155	0.357642357642358	0.998272797817217		1	1.5623062616243	0.211788211788212	0.998272797817217	
Erysipelatoclostridium	sbp_m_all	4	1.12471645030001	0.357642357642358	0.998272797817217		3	1.14569354350275	0.382617382617383	0.998272797817217	
Escherichia	diasd_all	1	1.29753378682089	0.357642357642358	0.998272797817217		3	0.623344468706682	0.818181818181818	0.998272797817217	
Parvimonas	diasd_all	1	1.30352701447365	0.357642357642358	0.998272797817217		1	0.102272076450423	0.943056943056943	0.998272797817217	
Monoglobus	dbp_m_all	1	1.29681643684534	0.362637362637363	0.998272797817217						
Sutterella	syssd_all	2	1.20097498813841	0.366633366633367	0.998272797817217		3	0.689504475664263	0.774225774225774	0.998272797817217	
Terrisporobacter	sbp_m_all	1	1.25043158552859	0.366633366633367	0.998272797817217						
Scardovia	syssd_all	1	1.24793773002242	0.368631368631369	0.998272797817217						
Butyricicoccus	syssd_all	3	1.13045237459519	0.36963036963037	0.998272797817217						
Lachnoclostridium	diasd_all	1	1.27056426238351	0.36963036963037	0.998272797817217		7	0.427441194189012	0.968031968031968	0.998272797817217	
Adlercreutzia	diasd_all	1	1.26756764855713	0.370629370629371	0.998272797817217						
Agathobaculum	dbp_m_all	2	1.1904740130986	0.372627372627373	0.998272797817217						
Desulfovibrio	syssd_all	2	1.19142339917017	0.373626373626374	0.998272797817217		5	0.74190985997132	0.784215784215784	0.998272797817217	
Parvimonas	dbp_m_all	1	1.27560682222404	0.373626373626374	0.998272797817217		1	0.271705569964184	0.868131868131868	0.998272797817217	
Parolsenella	diasd_all	1	1.23460489646699	0.378621378621379	0.998272797817217						
Pediococcus	sbp_m_all	2	1.17762895374721	0.378621378621379	0.998272797817217						
Bifidobacterium	dbp_m_all	8	1.09487344199187	0.381618381618382	0.998272797817217		1	1.64733377034229	0.16983016983017	0.998272797817217	
Anaerostipes	dbp_m_all	5	1.11051165538978	0.384615384615385	0.998272797817217		1	0.925318969038866	0.540459540459541	0.998272797817217	
Scardovia	diasd_all	1	1.21962182733511	0.386613386613387	0.998272797817217						
Fournierella	sbp_m_all	1	1.19133158521753	0.390609390609391	0.998272797817217						
Olsenella	diasd_all	1	1.1956489167241	0.391608391608392	0.998272797817217		3	0.499158115134973	0.879120879120879	0.998272797817217	
Parvimonas	syssd_all	1	1.19656983314498	0.395604395604396	0.998272797817217		1	1.11093872406772	0.441558441558442	0.998272797817217	
Intestinimonas	dbp_m_all	2	1.16065028967328	0.397602397602398	0.998272797817217		4	0.938216829953945	0.573426573426573	0.998272797817217	
Weissella	dbp_m_all	1	1.23621753792734	0.397602397602398	0.998272797817217		1	0.480709854552019	0.761238761238761	0.998272797817217	
Fenollaria	diasd_all	1	1.1836624614186	0.400599400599401	0.998272797817217						
Flintibacter	sbp_m_all	2	1.15638349051562	0.401598401598402	0.998272797817217						
Dialister	diasd_all	3	1.12795849903073	0.402597402597403	0.998272797817217		1	0.276134606416141	0.861138861138861	0.998272797817217	
Kluyvera	diasd_all	1	1.17167600611309	0.405594405594406	0.998272797817217						
Porphyromonas	diasd_all	1	1.16268616463397	0.408591408591409	0.998272797817217		1	0.445906253323842	0.778221778221778	0.998272797817217	
Enterocloster	sbp_m_all	4	1.07646889427357	0.411588411588412	0.998272797817217		1	1.30859840717249	0.338661338661339	0.998272797817217	
Pseudoflavonifractor	diasd_all	4	1.08151836664398	0.414585414585415	0.998272797817217		2	1.10931006915168	0.434565434565435	0.998272797817217	
Prevotellamassilia	diasd_all	1	1.14770309550208	0.41958041958042	0.998272797817217						
Adlercreutzia	dbp_m_all	1	1.19076836373883	0.420579420579421	0.998272797817217						
Prevotellamassilia	syssd_all	1	1.14822357726034	0.421578421578422	0.998272797817217						
Citrobacter	dbp_m_all	2	1.11991451733584	0.424575424575425	0.998272797817217		5	0.963042232366881	0.546453546453547	0.998272797817217	
Levilactobacillus	syssd_all	1	1.14520193626755	0.424575424575425	0.998272797817217						
Olsenella	dbp_m_all	2	1.11740143940457	0.424575424575425	0.998272797817217		2	0.735202747391038	0.723276723276723	0.998272797817217	
Barnesiella	sbp_m_all	1	1.13223158490648	0.425574425574426	0.998272797817217		1	1.87896418522581	0.045954045954046	0.666430343849699	
Enterobacter	syssd_all	2	1.12554437353886	0.425574425574426	0.998272797817217		4	1.19037754906325	0.300699300699301	0.998272797817217	
Turicimonas	sbp_m_all	1	1.12912105857432	0.425574425574426	0.998272797817217						
Klebsiella	sbp_m_all	2	1.11482207621403	0.426573426573427	0.998272797817217		1	1.23420287090467	0.376623376623377	0.998272797817217	
Kluyvera	sbp_m_all	1	1.12601053224216	0.427572427572428	0.998272797817217						
Ligilactobacillus	sbp_m_all	2	1.11168173233737	0.428571428571429	0.998272797817217						
Terrisporobacter	dbp_m_all	1	1.16955874911753	0.42957042957043	0.998272797817217						
Selenomonas	syssd_all	1	1.14218029527476	0.431568431568432	0.998272797817217						
Turicibacter	syssd_all	1	1.13311537229639	0.434565434565435	0.998272797817217						
Latilactobacillus	diasd_all	1	1.12373018489108	0.437562437562438	0.998272797817217		1	0.0715904535152957	0.97002997002997	0.998272797817217	
Parabacteroides	sbp_m_all	4	1.04066773940982	0.440559440559441	0.998272797817217		7	1.03779123458789	0.450549450549451	0.998272797817217	
Flavonifractor	diasd_all	2	1.089378628748	0.441558441558442	0.998272797817217		1	1.13522004859969	0.428571428571429	0.998272797817217	
Ligilactobacillus	syssd_all	2	1.10916449070737	0.441558441558442	0.998272797817217						
Hafnia	sbp_m_all	1	1.09801579525271	0.442557442557443	0.998272797817217		1	0.631408269349993	0.686313686313686	0.998272797817217	
Holdemania	sbp_m_all	2	1.08150822636769	0.451548451548452	0.998272797817217						
Selenomonas	diasd_all	1	1.09975727428007	0.451548451548452	0.998272797817217						
Bacteroides	syssd_all	9	1.0177119141925	0.453546453546454	0.998272797817217		18	0.884914545466938	0.683316683316683	0.998272797817217	
Sutterella	sbp_m_all	3	1.041772500275	0.45954045954046	0.998272797817217		2	1.1173817184976	0.424575424575425	0.998272797817217	
Fournierella	dbp_m_all	1	1.10895985019952	0.460539460539461	0.998272797817217						
Haemophilus	sbp_m_all	2	1.07399760581746	0.460539460539461	0.998272797817217		1	1.63860937574515	0.175824175824176	0.998272797817217	
Longicatena	syssd_all	1	1.07872583442616	0.462537462537463	0.998272797817217						
Anaerostipes	sbp_m_all	5	1.03580939307641	0.464535464535465	0.998272797817217		1	0.47307930754924	0.774225774225774	0.998272797817217	
Morganella	syssd_all	1	1.06966091144779	0.465534465534466	0.998272797817217						
Sellimonas	dbp_m_all	1	1.09684007041592	0.465534465534466	0.998272797817217						
Intestinibacter	diasd_all	2	1.07277381568212	0.468531468531469	0.998272797817217						
Mitsuokella	sbp_m_all	1	1.04824737393814	0.468531468531469	0.998272797817217						
Faecalitalea	diasd_all	1	1.07578436366906	0.471528471528472	0.998272797817217						
Ruminococcus	sbp_m_all	13	1.00852021033768	0.472527472527473	0.998272797817217		6	0.748574059187777	0.777222777222777	0.998272797817217	
Latilactobacillus	syssd_all	1	1.05153106549105	0.475524475524476	0.998272797817217		1	0.656986176474532	0.663336663336663	0.998272797817217	
Acidaminococcus	syssd_all	4	1.02169652627442	0.477522477522478	0.998272797817217		1	0.974944500949086	0.515484515484515	0.998272797817217	
Gemella	dbp_m_all	1	1.06957056590282	0.477522477522478	0.998272797817217						
Streptococcus	dbp_m_all	9	1.01803624417205	0.480519480519481	0.998272797817217		2	0.871050523305527	0.627372627372627	0.998272797817217	
Hungatella	syssd_all	1	1.01829301457035	0.492507492507493	0.998272797817217		3	1.09648157729642	0.436563436563437	0.998272797817217	
Merdimonas	sbp_m_all	1	0.992257899959251	0.494505494505495	0.998272797817217						
Monoglobus	syssd_all	1	1.0031848096064	0.495504495504496	0.998272797817217						
Erysipelatoclostridium	dbp_m_all	5	0.997675881744394	0.501498501498502	0.998272797817217		2	1.38638859961704	0.1998001998002	0.998272797817217	
Hungatella	diasd_all	1	1.00985885948878	0.503496503496504	0.998272797817217		3	0.965121966780911	0.54945054945055	0.998272797817217	
Turicibacter	dbp_m_all	1	1.00594172203891	0.509490509490509	0.998272797817217						
Catenibacterium	sbp_m_all	1	0.945600004976841	0.512487512487513	0.998272797817217						
Parvimonas	sbp_m_all	1	0.942489478644681	0.518481518481519	0.998272797817217		1	0.772569030473557	0.618381618381618	0.998272797817217	
Levilactobacillus	dbp_m_all	1	0.972612327634007	0.520479520479521	0.998272797817217						
Oxalobacter	syssd_all	2	1.01849531627293	0.520479520479521	0.998272797817217		2	1.70277044206985	0.044955044955045	0.666430343849699	
Succinatimonas	syssd_all	1	0.963903476700126	0.521478521478522	0.998272797817217						
Anaerotruncus	syssd_all	1	0.957860194714545	0.524475524475525	0.998272797817217		1	1.95180441349139	0.0090422511800096	0.385992466991219	
Enterocloster	dbp_m_all	2	1.00193025939202	0.524475524475525	0.998272797817217		3	0.561088574200518	0.866133866133866	0.998272797817217	
Oscillibacter	syssd_all	3	0.989951452593976	0.529470529470529	0.998272797817217		3	1.26337598005461	0.263736263736264	0.998272797817217	
Holdemanella	dbp_m_all	2	0.985665467158687	0.530469530469531	0.998272797817217						
Emergencia	diasd_all	1	0.931946900002998	0.535464535464536	0.998272797817217						
Enterocloster	diasd_all	1	0.928950286176622	0.536463536463537	0.998272797817217		4	0.19787731632473	0.988011988011988	0.998272797817217	
Coprococcus	syssd_all	6	0.959166416151394	0.540459540459541	0.998272797817217		1	0.524822776542337	0.729270729270729	0.998272797817217	
Gardnerella	syssd_all	1	0.924622143793851	0.541458541458542	0.998272797817217						
Kluyvera	syssd_all	1	0.906492297837109	0.55044955044955	0.998272797817217						
Enterococcus	diasd_all	4	0.956931091022429	0.552447552447552	0.998272797817217		3	1.13203708956417	0.383616383616384	0.998272797817217	
Enterococcus	sbp_m_all	2	0.962247989001317	0.553446553446554	0.998272797817217		5	0.828888285519719	0.696303696303696	0.998272797817217	
Alistipes	diasd_all	2	0.975111499531935	0.555444555444555	0.998272797817217		16	1.73851116656299	0.00271936990167501	0.265893945941557	
Leuconostoc	dbp_m_all	1	0.881713979256997	0.558441558441558	0.998272797817217		1	0.385707907012094	0.82017982017982	0.998272797817217	
Bilophila	diasd_all	1	0.863024781996345	0.56043956043956	0.998272797817217						
Flavonifractor	dbp_m_all	2	0.954861804328739	0.561438561438561	0.998272797817217		1	0.0665013632779472	0.96003996003996	0.998272797817217	
Negativibacillus	dbp_m_all	1	0.875654089365196	0.561438561438561	0.998272797817217						
Prevotella	diasd_all	12	0.95053490274288	0.564435564435564	0.998272797817217		5	0.625415961517264	0.868131868131868	0.998272797817217	
Culturomica	diasd_all	1	0.854034940517217	0.565434565434565	0.998272797817217						
Citrobacter	syssd_all	1	0.867210964930834	0.56943056943057	0.998272797817217		6	0.696122071587404	0.833166833166833	0.998272797817217	
Megasphaera	dbp_m_all	4	0.945781979574937	0.570429570429571	0.998272797817217						
Faecalicoccus	sbp_m_all	1	0.855394741344182	0.571428571428571	0.998272797817217						
Flintibacter	dbp_m_all	2	0.933186038927818	0.573426573426573	0.998272797817217						
Desulfovibrio	dbp_m_all	4	0.939483435643453	0.574425574425574	0.998272797817217		3	1.23601924315166	0.260739260739261	0.998272797817217	
Massilicoli	diasd_all	1	0.83605525755896	0.574425574425574	0.998272797817217						
Mitsuokella	dbp_m_all	1	0.851414529797994	0.574425574425574	0.998272797817217						
Gemella	syssd_all	1	0.846059477981302	0.583416583416583	0.998272797817217						
Desulfovibrio	diasd_all	4	0.918265141647293	0.584415584415584	0.998272797817217		3	0.526901120149864	0.872127872127872	0.998272797817217	
Dielma	dbp_m_all	1	0.81808513539309	0.584415584415584	0.998272797817217						
Veillonella	syssd_all	3	0.933818505678357	0.586413586413586	0.998272797817217		2	0.244134179055224	0.95004995004995	0.998272797817217	
Bilophila	syssd_all	1	0.843037836988511	0.588411588411588	0.998272797817217						
Mitsuokella	syssd_all	1	0.836994555002931	0.588411588411588	0.998272797817217						
Haemophilus	syssd_all	1	0.82792963202456	0.591408591408591	0.998272797817217		2	0.159694855018981	0.972027972027972	0.998272797817217	
Enorma	dbp_m_all	1	0.790815630879987	0.597402597402597	0.998272797817217		1	0.552911334682361	0.734265734265734	0.998272797817217	
Ligilactobacillus	diasd_all	2	0.912303494222742	0.597402597402597	0.998272797817217						
Succinatimonas	sbp_m_all	1	0.780742109372326	0.602397602397602	0.998272797817217						
Lactococcus	dbp_m_all	3	0.923688898464314	0.603396603396603	0.998272797817217						
Anaeroglobus	dbp_m_all	1	0.775665906150485	0.605394605394606	0.998272797817217						
Parabacteroides	syssd_all	7	0.903972316582091	0.606393606393606	0.998272797817217		4	0.365346556113191	0.956043956043956	0.998272797817217	
Prevotella	dbp_m_all	8	0.901470187019587	0.607392607392607	0.998272797817217		9	0.506005932906046	0.962037962037962	0.998272797817217	
Rubneribacter	syssd_all	1	0.782605017132704	0.608391608391608	0.998272797817217						
Hungatella	sbp_m_all	1	0.765189477711523	0.613386613386613	0.998272797817217		3	0.206776822200848	0.978021978021978	0.998272797817217	
Romboutsia	diasd_all	2	0.888334178807362	0.613386613386613	0.998272797817217						
Lactobacillus	syssd_all	2	0.87168518059395	0.622377622377622	0.998272797817217		4	0.237357537529578	0.985014985014985	0.998272797817217	
Anaerotruncus	dbp_m_all	1	0.73021673196198	0.625374625374625	0.998272797817217		1	1.03362118923438	0.487512487512488	0.998272797817217	
Anaeromassilibacillus	sbp_m_all	1	0.727863161725595	0.628371628371628	0.998272797817217		1	0.00953788926510568	0.995004995004995	0.998272797817217	
Catenibacterium	diasd_all	1	0.731173773635793	0.629370629370629	0.998272797817217						
Catenibacterium	dbp_m_all	1	0.718096952178379	0.63036963036963	0.998272797817217						
Weissella	diasd_all	1	0.725180545983041	0.63036963036963	0.998272797817217		1	0.173862529965718	0.911088911088911	0.998272797817217	
Erysipelatoclostridium	syssd_all	5	0.888233612502836	0.631368631368631	0.998272797817217		2	0.044252791149838	0.996003996003996	0.998272797817217	
Frisingicoccus	diasd_all	1	0.722183932156664	0.634365634365634	0.998272797817217		1	1.03294797214927	0.471528471528472	0.998272797817217	
Parolsenella	syssd_all	1	0.728215479262478	0.637362637362637	0.998272797817217						
Senegalimassilia	sbp_m_all	1	0.718531582729113	0.639360639360639	0.998272797817217		1	0.0133530449711478	0.993006993006993	0.998272797817217	
Klebsiella	diasd_all	1	0.683227952413773	0.645354645354645	0.998272797817217		2	0.652298479864148	0.767232767232767	0.998272797817217	
Eggerthella	sbp_m_all	2	0.829050783438037	0.649350649350649	0.998272797817217						
Faecalitalea	sbp_m_all	1	0.699868424736149	0.649350649350649	0.998272797817217						
Lachnotalea	syssd_all	1	0.704042351320155	0.652347652347652	0.998272797817217						
Neglecta	sbp_m_all	1	0.693647372071828	0.654345654345654	0.998272797817217						
Terrisporobacter	diasd_all	1	0.66225165562914	0.655344655344655	0.998272797817217						
Desulfovibrio	sbp_m_all	3	0.850228873949389	0.658341658341658	0.998272797817217		4	0.651101444435424	0.834165834165834	0.998272797817217	
Bacteroides	diasd_all	12	0.882865161923054	0.664335664335664	0.998272797817217		15	1.05639209222719	0.3996003996004	0.998272797817217	
Citrobacter	sbp_m_all	2	0.791366656918127	0.671328671328671	0.998272797817217		5	1.41590863138565	0.113886113886114	0.980557903634827	
Turicimonas	dbp_m_all	1	0.660527998206273	0.672327672327672	0.998272797817217						
Intestinibacter	syssd_all	2	0.7829873902879	0.674325674325674	0.998272797817217						
Lactobacillus	dbp_m_all	3	0.842826594738185	0.674325674325674	0.998272797817217		3	0.872455616811815	0.641358641358641	0.998272797817217	
Anaerotignum	diasd_all	2	0.784521571579166	0.677322677322677	0.998272797817217						
Ruthenibacterium	dbp_m_all	1	0.651438163368572	0.677322677322677	0.998272797817217						
Raoultella	sbp_m_all	1	0.643878950757257	0.686313686313686	0.998272797817217						
Haemophilus	dbp_m_all	2	0.782240501536874	0.687312687312687	0.998272797817217		1	1.55613190070397	0.215784215784216	0.998272797817217	
Pseudoflavonifractor	dbp_m_all	3	0.827892850172722	0.687312687312687	0.998272797817217		3	1.01559835268048	0.487512487512488	0.998272797817217	
Romboutsia	syssd_all	2	0.762219922589368	0.688311688311688	0.998272797817217						
Limosilactobacillus	syssd_all	3	0.828474438626161	0.689310689310689	0.998272797817217		2	0.38095881076817	0.903096903096903	0.998272797817217	
Culturomica	syssd_all	1	0.616414762529234	0.69030969030969	0.998272797817217						
Culturomica	sbp_m_all	1	0.637657898092936	0.696303696303696	0.998272797817217						
Lacticaseibacillus	syssd_all	1	0.610371480543653	0.696303696303696	0.998272797817217		1	0.254749741898288	0.874125874125874	0.998272797817217	
Fusobacterium	diasd_all	1	0.57534985466423	0.704295704295704	0.998272797817217		1	0.184089737610761	0.906093906093906	0.998272797817217	
Latilactobacillus	dbp_m_all	2	0.756765487801982	0.706293706293706	0.998272797817217						
Emergencia	syssd_all	1	0.595263275579702	0.707292707292707	0.998272797817217						
Leuconostoc	sbp_m_all	1	0.591000003110526	0.721278721278721	0.998272797817217		1	0.564643044494254	0.731268731268731	0.998272797817217	
Negativibacillus	sbp_m_all	1	0.584778950446204	0.723276723276723	0.998272797817217						
Sellimonas	diasd_all	1	0.545383716400469	0.724275724275724	0.998272797817217						
Dialister	syssd_all	2	0.691185827473848	0.73026973026973	0.998272797817217		2	0.561176699363887	0.815184815184815	0.998272797817217	
Enterobacter	diasd_all	4	0.777713387353302	0.731268731268731	0.998272797817217		2	1.00165043750136	0.525474525474525	0.998272797817217	
Lachnoclostridium	syssd_all	3	0.775460311531293	0.733266733266733	0.998272797817217		5	0.670692922875812	0.835164835164835	0.998272797817217	
Frisingicoccus	dbp_m_all	1	0.533270310478459	0.734265734265734	0.998272797817217		1	1.45542983631165	0.276723276723277	0.998272797817217	
Citrobacter	diasd_all	1	0.518414191963083	0.735264735264735	0.998272797817217		6	0.440982038069543	0.957042957042957	0.998272797817217	
Klebsiella	dbp_m_all	2	0.703323521805053	0.736263736263736	0.998272797817217		1	1.32242710975575	0.345654345654346	0.998272797817217	
Senegalimassilia	dbp_m_all	2	0.703197751454461	0.736263736263736	0.998272797817217						
Amedibacillus	dbp_m_all	1	0.524180475640758	0.738261738261738	0.998272797817217						
Anaeroglobus	diasd_all	1	0.506427736657578	0.744255744255744	0.998272797817217						
Enterocloster	syssd_all	2	0.66805050774975	0.744255744255744	0.998272797817217		3	0.471981731580602	0.899100899100899	0.998272797817217	
Paraprevotella	dbp_m_all	1	0.509030750911256	0.748251748251748	0.998272797817217						
Fenollaria	sbp_m_all	1	0.528789476467313	0.75024975024975	0.998272797817217						
Ligilactobacillus	dbp_m_all	2	0.682010687810961	0.75024975024975	0.998272797817217						
Sneathia	sbp_m_all	1	0.525678950135152	0.752247752247752	0.998272797817217						
Oscillibacter	diasd_all	2	0.632616659435161	0.757242757242757	0.998272797817217		4	1.13126476070283	0.350649350649351	0.998272797817217	
Faecalicoccus	dbp_m_all	1	0.481761246398153	0.759240759240759	0.998272797817217						
Staphylococcus	diasd_all	2	0.627022922739409	0.76023976023976	0.998272797817217						
Enorma	sbp_m_all	1	0.497684213145706	0.766233766233766	0.998272797817217		1	0.621870380084888	0.694305694305694	0.998272797817217	
Intestinimonas	diasd_all	1	0.458481915435559	0.768231768231768	0.998272797817217		5	1.26647782568262	0.220779220779221	0.998272797817217	
Hungatella	dbp_m_all	1	0.466611521668651	0.77022977022977	0.998272797817217		3	0.0222909344817589	1	1	
Phoenicibacter	dbp_m_all	1	0.445401907047349	0.774225774225774	0.998272797817217						
Parabacteroides	diasd_all	5	0.731522694901771	0.775224775224775	0.998272797817217		6	0.941126117710701	0.556443556443557	0.998272797817217	
Anaeroglobus	sbp_m_all	1	0.472800002488421	0.776223776223776	0.998272797817217						
Phocaeicola	sbp_m_all	1	0.463468423491939	0.781218781218781	0.998272797817217		6	1.19537546221085	0.266733266733267	0.998272797817217	
Comamonas	diasd_all	1	0.407539480387163	0.788211788211788	0.998272797817217						
Butyricimonas	dbp_m_all	2	0.608938114116929	0.789210789210789	0.998272797817217		2	1.35769457124332	0.217782217782218	0.998272797817217	
Methanomassiliicoccus	dbp_m_all	1	0.424192292426047	0.789210789210789	0.998272797817217						
Fusobacterium	dbp_m_all	1	0.421162347480146	0.79020979020979	0.998272797817217		1	0.6308129316651	0.687312687312687	0.998272797817217	
Porphyromonas	syssd_all	1	0.453246148918555	0.791208791208791	0.998272797817217		1	0.810219103932148	0.597402597402597	0.998272797817217	
Gemella	sbp_m_all	1	0.429252633838171	0.794205794205794	0.998272797817217						
Ellagibacter	diasd_all	1	0.38656318360253	0.799200799200799	0.998272797817217						
Phascolarctobacterium	syssd_all	2	0.593357631702549	0.8001998001998	0.998272797817217						
Phoenicibacter	sbp_m_all	1	0.413700002177368	0.801198801198801	0.998272797817217						
Porphyromonas	dbp_m_all	1	0.399952732858844	0.802197802197802	0.998272797817217		1	0.90821861848168	0.545454545454545	0.998272797817217	
Brachyspira	sbp_m_all	1	0.410589475845207	0.803196803196803	0.998272797817217						
Klebsiella	syssd_all	1	0.410943175019489	0.815184815184815	0.998272797817217		2	0.628348890069863	0.773226773226773	0.998272797817217	
Olsenella	syssd_all	1	0.407921534026699	0.82017982017982	0.998272797817217		3	0.609453824233211	0.83016983016983	0.998272797817217	
Morganella	diasd_all	1	0.335620748554134	0.823176823176823	0.998272797817217						
Parasutterella	syssd_all	1	0.398856611048328	0.826173826173826	0.998272797817217		1	1.16265483708467	0.427572427572428	0.998272797817217	
Subdoligranulum	dbp_m_all	1	0.339353833940837	0.829170829170829	0.998272797817217						
Lactobacillus	sbp_m_all	5	0.67738349674835	0.837162837162837	0.998272797817217		1	0.892746435213888	0.568431568431568	0.998272797817217	
Lachnoclostridium	dbp_m_all	2	0.512588389931654	0.841158841158841	0.998272797817217		6	0.499888944220981	0.934065934065934	0.998272797817217	
Haemophilus	diasd_all	3	0.558551582497347	0.845154845154845	0.998272797817217						
Faecalitalea	syssd_all	1	0.33540215019973	0.846153846153846	0.998272797817217						
Eubacterium	diasd_all	11	0.711702085404333	0.851148851148851	0.998272797817217		6	1.26643524666879	0.211788211788212	0.998272797817217	
Solobacterium	syssd_all	1	0.314250663250198	0.852147852147852	0.998272797817217						
Intestinimonas	syssd_all	1	0.308207381264617	0.854145854145854	0.998272797817217		5	1.12309962280319	0.35964035964036	0.998272797817217	
Lactobacillus	diasd_all	5	0.604842551160223	0.854145854145854	0.998272797817217		1	0.582950835767408	0.707292707292707	0.998272797817217	
Staphylococcus	syssd_all	2	0.492508326787933	0.854145854145854	0.998272797817217						
Enterococcus	dbp_m_all	3	0.560902990314146	0.857142857142857	0.998272797817217		4	0.386886539642362	0.956043956043956	0.998272797817217	
Lawsonella	sbp_m_all	1	0.301721054219584	0.86013986013986	0.998272797817217						
Bacteroides	sbp_m_all	11	0.707202919864896	0.862137862137862	0.998272797817217		16	1.20932367407256	0.20979020979021	0.998272797817217	
Intestinimonas	sbp_m_all	2	0.458490205992248	0.865134865134865	0.998272797817217		4	1.2352772736168	0.255744255744256	0.998272797817217	
Alistipes	syssd_all	4	0.607586970774488	0.869130869130869	0.998272797817217		14	1.34366291293366	0.0919080919080919	0.940454893943266	
Coprobacter	syssd_all	1	0.284034253322294	0.87012987012987	0.998272797817217						
Duodenibacillus	sbp_m_all	1	0.276836843562299	0.872127872127872	0.998272797817217						
Lacticaseibacillus	diasd_all	2	0.439807547703472	0.872127872127872	0.998272797817217						
Ruthenibacterium	sbp_m_all	1	0.273726317230138	0.872127872127872	0.998272797817217						
Raoultella	dbp_m_all	1	0.224215925996625	0.881118881118881	0.998272797817217						
Brachyspira	syssd_all	1	0.229644715452068	0.893106893106893	0.998272797817217						
Negativibacillus	diasd_all	1	0.182793443408948	0.896103896103896	0.998272797817217						
Peptoniphilus	diasd_all	1	0.179796829582572	0.896103896103896	0.998272797817217						
Schaalia	diasd_all	1	0.17380360192982	0.9000999000999	0.998272797817217						
Escherichia	sbp_m_all	4	0.534808056332075	0.903096903096903	0.998272797817217						
Neglecta	diasd_all	1	0.161817146624315	0.903096903096903	0.998272797817217						
Enteroscipio	sbp_m_all	1	0.211515790586925	0.907092907092907	0.998272797817217						
Butyricimonas	syssd_all	1	0.202449946516954	0.911088911088911	0.998272797817217		3	0.684911361601624	0.78021978021978	0.998272797817217	
Prevotella	syssd_all	11	0.63801928600192	0.912087912087912	0.998272797817217		6	0.405340417174882	0.968031968031968	0.998272797817217	
Prevotella	sbp_m_all	9	0.599869717114047	0.913086913086913	0.998272797817217		8	0.214577219838641	0.999000999000999	1	
Butyricimonas	sbp_m_all	2	0.301473012159286	0.922077922077922	0.998272797817217		2	0.802970546301809	0.668331668331668	0.998272797817217	
Latilactobacillus	sbp_m_all	2	0.298332668282627	0.925074925074925	0.998272797817217						
Phascolarctobacterium	sbp_m_all	1	0.158636842940194	0.93006993006993	0.998272797817217		1	0.345271591396824	0.832167832167832	0.998272797817217	
Alloscardovia	diasd_all	1	0.107878097749543	0.935064935064935	0.998272797817217						
Merdimonas	dbp_m_all	1	0.109078018052412	0.936063936063936	0.998272797817217						
Morganella	dbp_m_all	1	0.106048073106512	0.938061938061938	0.998272797817217						
Morganella	sbp_m_all	1	0.152415790275872	0.938061938061938	0.998272797817217						
Holdemanella	syssd_all	2	0.267841110628617	0.941058941058941	0.998272797817217						
Fusobacterium	syssd_all	1	0.148060408646728	0.942057942057942	0.998272797817217		1	0.0785318753220286	0.947052947052947	0.998272797817217	
Pseudomonas	diasd_all	1	0.089898414791286	0.943056943056943	0.998272797817217		1	0.578859952709392	0.711288711288711	0.998272797817217	
Lachnoclostridium	sbp_m_all	3	0.346631771687058	0.945054945054945	0.998272797817217		5	0.629769895634617	0.87012987012987	0.998272797817217	
Kluyvera	dbp_m_all	1	0.081808513539309	0.947052947052947	0.998272797817217						
Flintibacter	diasd_all	1	0.0719187318330287	0.958041958041958	0.998272797817217		1	0.374315799808547	0.804195804195804	0.998272797817217	
Mesosutterella	dbp_m_all	1	0.0605988989180068	0.958041958041958	0.998272797817217						
Cloacibacillus	dbp_m_all	1	0.0545390090262061	0.961038961038961	0.998272797817217		1	0.435108919732855	0.792207792207792	0.998272797817217	
Neglecta	syssd_all	1	0.108779075740453	0.961038961038961	0.998272797817217						
Duodenibacillus	dbp_m_all	1	0.0484791191344054	0.963036963036963	0.998272797817217						
Eggerthella	dbp_m_all	2	0.194860196517417	0.965034965034965	0.998272797817217						
Oxalobacter	sbp_m_all	1	0.0870947373004985	0.965034965034965	0.998272797817217		3	1.97806456845762	0.00238639132654291	0.265893945941557	
Anaeroglobus	syssd_all	1	0.0785626658125495	0.967032967032967	0.998272797817217						
Hydrogeniiclostidium	syssd_all	1	0.0725193838269688	0.967032967032967	0.998272797817217						
Brachyspira	diasd_all	1	0.0539390488747717	0.969030969030969	0.998272797817217						
Alistipes	sbp_m_all	2	0.157017193832962	0.97002997002997	0.998272797817217		16	1.45004350531355	0.041958041958042	0.666430343849699	
Ruthenibacterium	diasd_all	1	0.0419525935692668	0.971028971028971	0.998272797817217						
Schaalia	sbp_m_all	1	0.065321052975374	0.972027972027972	0.998272797817217						
Bacteroides	dbp_m_all	12	0.477154009317201	0.975024975024975	0.998272797817217		15	1.13569484137728	0.2997002997003	0.998272797817217	
Lawsonella	dbp_m_all	1	0.0333293944049036	0.977022977022977	0.998272797817217						
Subdoligranulum	syssd_all	1	0.0543895378702266	0.978021978021978	0.998272797817217						
Phascolarctobacterium	dbp_m_all	1	0.0242395595672026	0.983016983016983	0.998272797817217		1	0.972819942808828	0.517482517482518	0.998272797817217	
Fusobacterium	sbp_m_all	2	0.106771691806414	0.984015984015984	0.998272797817217						
Duodenibacillus	diasd_all	1	0.00898984147912853	0.99000999000999	0.998272797817217						
Eisenbergiella	syssd_all	1	0.00302164099279039	0.994005994005994	0.998272797817217		2	0.545953238793599	0.823176823176823	0.998272797817217	
Absiella	dbp_m_all						1	0.229904713046618	0.888111888111888	0.998272797817217	
Absiella	diasd_all						1	0.548178329774265	0.727272727272727	0.998272797817217	
Absiella	sbp_m_all						1	1.14836186751872	0.424575424575425	0.998272797817217	
Absiella	syssd_all						1	0.398405611389804	0.795204795204795	0.998272797817217	
Akkermansia	dbp_m_all						2	1.25166173022816	0.300699300699301	0.998272797817217	
Akkermansia	diasd_all						2	1.23142781318904	0.33966033966034	0.998272797817217	
Akkermansia	sbp_m_all						2	1.19356683566789	0.363636363636364	0.998272797817217	
Akkermansia	syssd_all						2	1.18927981082022	0.381618381618382	0.998272797817217	
Alloscardovia	syssd_all						1	0.327535382440656	0.835164835164835	0.998272797817217	
Amedibacillus	diasd_all						1	0.0470451551671944	0.976023976023976	0.998272797817217	
Amedibacillus	syssd_all						1	0.526738188135558	0.727272727272727	0.998272797817217	
Baileyella	dbp_m_all						1	1.37562820037811	0.313686313686314	0.998272797817217	
Baileyella	diasd_all						1	0.0327270644641351	0.985014985014985	0.998272797817217	
Baileyella	sbp_m_all						1	1.20177404740331	0.392607392607393	0.998272797817217	
Baileyella	syssd_all						1	0.980690735728747	0.507492507492508	0.998272797817217	
Barnesiella	dbp_m_all						2	1.5548312099834	0.0939060939060939	0.949854742958191	
Barnesiella	diasd_all						2	1.20774830527664	0.34965034965035	0.998272797817217	
Barnesiella	syssd_all						2	0.975095818967878	0.534465534465535	0.998272797817217	
Blastocystis	dbp_m_all						1	0.735315073959017	0.638361638361638	0.998272797817217	
Blastocystis	diasd_all						1	1.61794424944568	0.204795204795205	0.998272797817217	
Blastocystis	sbp_m_all						1	0.181219896037007	0.925074925074925	0.998272797817217	
Blastocystis	syssd_all						1	1.30247988338974	0.366633366633367	0.998272797817217	
Brachyspira	dbp_m_all						1	0.298306115275363	0.859140859140859	0.998272797817217	
Butyricimonas	diasd_all						4	0.286114934811438	0.973026973026973	0.998272797817217	
Butyrivibrio	dbp_m_all						1	1.65683396509629	0.165834165834166	0.998272797817217	
Butyrivibrio	diasd_all						1	1.1618107884768	0.413586413586414	0.998272797817217	
Butyrivibrio	sbp_m_all						1	1.67485335495255	0.156843156843157	0.998272797817217	
Butyrivibrio	syssd_all						1	1.33312646888127	0.345654345654346	0.998272797817217	
Candidatus Borkfalkia	dbp_m_all						1	1.85633805493013	0.0619380619380619	0.801551389786684	
Candidatus Borkfalkia	diasd_all						1	1.74067074118619	0.13986013986014	0.998272797817217	
Candidatus Borkfalkia	sbp_m_all						1	1.88850207449092	0.03996003996004	0.666430343849699	
Candidatus Borkfalkia	syssd_all						1	0.930890034305021	0.537462537462537	0.998272797817217	
Catenibacterium	syssd_all						1	0.114924695593212	0.933066933066933	0.998272797817217	
Christensenella	dbp_m_all						1	0.269805531013386	0.868131868131868	0.998272797817217	
Christensenella	diasd_all						1	0.137044582443566	0.925074925074925	0.998272797817217	
Christensenella	sbp_m_all						1	0.623777957937909	0.691308691308691	0.998272797817217	
Christensenella	syssd_all						1	0.0842781101016892	0.946053946053946	0.998272797817217	
Cloacibacillus	diasd_all						2	1.13346927210961	0.40959040959041	0.998272797817217	
Cloacibacillus	sbp_m_all						2	0.47619159093811	0.851148851148851	0.998272797817217	
Cloacibacillus	syssd_all						2	1.12363608832632	0.427572427572428	0.998272797817217	
Comamonas	dbp_m_all						1	0.817016748843352	0.599400599400599	0.998272797817217	
Comamonas	sbp_m_all						1	1.47074252467929	0.246753246753247	0.998272797817217	
Comamonas	syssd_all						1	0.808303692338928	0.599400599400599	0.998272797817217	
Coprobacter	dbp_m_all						1	0.342007011143729	0.838161838161838	0.998272797817217	
Coprobacter	diasd_all						1	0.803858520900321	0.587412587412587	0.998272797817217	
Coprobacter	sbp_m_all						1	0.799275120415852	0.608391608391608	0.998272797817217	
Dielma	diasd_all						1	0.850903676067515	0.563436563436564	0.998272797817217	
Dielma	sbp_m_all						1	0.0648576470027184	0.975024975024975	0.998272797817217	
Dielma	syssd_all						1	0.996014028474509	0.504495504495505	0.998272797817217	
Duodenibacillus	syssd_all						1	0.440544666440648	0.771228771228771	0.998272797817217	
Eisenbergiella	dbp_m_all						3	0.732703467428531	0.771228771228771	0.998272797817217	
Eisenbergiella	diasd_all						3	0.93733305744281	0.577422577422578	0.998272797817217	
Eisenbergiella	sbp_m_all						3	1.00398829124084	0.511488511488512	0.998272797817217	
Ellagibacter	dbp_m_all						1	1.10202259146313	0.448551448551449	0.998272797817217	
Ellagibacter	sbp_m_all						1	1.70918975630693	0.140859140859141	0.998272797817217	
Ellagibacter	syssd_all						1	1.29481823701686	0.36963036963037	0.998272797817217	
Emergencia	dbp_m_all						1	1.55423186175317	0.215784215784216	0.998272797817217	
Emergencia	sbp_m_all						1	1.43449854547189	0.266733266733267	0.998272797817217	
Enorma	diasd_all						2	1.03752865571197	0.4995004995005	0.998272797817217	
Enorma	syssd_all						2	0.620177097866956	0.781218781218781	0.998272797817217	
Enteroscipio	dbp_m_all						1	0.125402570752701	0.936063936063936	0.998272797817217	
Enteroscipio	diasd_all						1	1.68544381990296	0.166833166833167	0.998272797817217	
Enteroscipio	syssd_all						1	1.53616009776261	0.244755244755245	0.998272797817217	
Faecalicatena	dbp_m_all						1	0.475009737699623	0.764235764235764	0.998272797817217	
Faecalicatena	sbp_m_all						1	0.843149411035338	0.585414585414585	0.998272797817217	
Faecalicoccus	diasd_all						1	1.24362844963714	0.373626373626374	0.998272797817217	
Faecalicoccus	syssd_all						1	0.139825046305075	0.924075924075924	0.998272797817217	
Fenollaria	dbp_m_all						1	1.48583045952442	0.254745254745255	0.998272797817217	
Frisingicoccus	syssd_all						2	0.12970896044165	0.979020979020979	0.998272797817217	
Gardnerella	dbp_m_all						1	0.608012464255518	0.702297702297702	0.998272797817217	
Gardnerella	sbp_m_all						1	0.495970241785493	0.765234765234765	0.998272797817217	
Gordonibacter	dbp_m_all						1	0.828416982548143	0.593406593406593	0.998272797817217	
Gordonibacter	diasd_all						1	0.327270644641352	0.828171828171828	0.998272797817217	
Gordonibacter	sbp_m_all						1	0.131622871858458	0.943056943056943	0.998272797817217	
Gordonibacter	syssd_all						1	0.0363928202711839	0.973026973026973	0.998272797817217	
Hafnia	diasd_all						2	0.691075255338882	0.741258741258741	0.998272797817217	
Hafnia	syssd_all						2	0.101973823084409	0.983016983016983	0.998272797817217	
Hydrogeniiclostidium	dbp_m_all						1	0.44080903658525	0.789210789210789	0.998272797817217	
Hydrogeniiclostidium	diasd_all						1	0.930675895698845	0.518481518481519	0.998272797817217	
Hydrogeniiclostidium	sbp_m_all						1	0.223186608803472	0.894105894105894	0.998272797817217	
Lachnotalea	dbp_m_all						1	1.28252629178898	0.361638361638362	0.998272797817217	
Lachnotalea	diasd_all						1	0.235225775835972	0.883116883116883	0.998272797817217	
Lachnotalea	sbp_m_all						1	1.51270923744575	0.232767232767233	0.998272797817217	
Lacticaseibacillus	dbp_m_all						2	1.29521425639344	0.265734265734266	0.998272797817217	
Lacticaseibacillus	sbp_m_all						2	1.12519557666892	0.416583416583417	0.998272797817217	
Lactiplantibacillus	dbp_m_all						1	1.5105309658848	0.243756243756244	0.998272797817217	
Lactiplantibacillus	diasd_all						1	0.885676182060659	0.543456543456544	0.998272797817217	
Lactiplantibacillus	sbp_m_all						1	1.1464542896657	0.428571428571429	0.998272797817217	
Lactiplantibacillus	syssd_all						1	1.11476954725416	0.438561438561439	0.998272797817217	
Lawsonella	diasd_all						1	0.278180047945149	0.855144855144855	0.998272797817217	
Lawsonella	syssd_all						1	1.17989354142365	0.41958041958042	0.998272797817217	
Longibaculum	dbp_m_all						1	1.16282383788868	0.427572427572428	0.998272797817217	
Longibaculum	diasd_all						1	1.4031728888998	0.2997002997003	0.998272797817217	
Longibaculum	sbp_m_all						1	0.970957127187754	0.530469530469531	0.998272797817217	
Longibaculum	syssd_all						1	0.511414895389796	0.733266733266733	0.998272797817217	
Longicatena	dbp_m_all						1	1.24642555172381	0.381618381618382	0.998272797817217	
Longicatena	diasd_all						1	0.351815942989453	0.815184815184815	0.998272797817217	
Longicatena	sbp_m_all						1	0.59134913443655	0.711288711288711	0.998272797817217	
Massilicoli	dbp_m_all						1	0.65551343802548	0.678321678321678	0.998272797817217	
Massilicoli	sbp_m_all						1	1.00529352854213	0.514485514485515	0.998272797817217	
Massilicoli	syssd_all						1	0.214526098440663	0.893106893106893	0.998272797817217	
Massilimicrobiota	dbp_m_all						1	0.0722014801303427	0.959040959040959	0.998272797817217	
Massilimicrobiota	diasd_all						1	0.490905966962028	0.752247752247752	0.998272797817217	
Massilimicrobiota	sbp_m_all						1	0.0362439792074013	0.986013986013986	0.998272797817217	
Massilimicrobiota	syssd_all						1	0.73743346338978	0.63036963036963	0.998272797817217	
Massilistercora	dbp_m_all						1	1.49913073218001	0.247752247752248	0.998272797817217	
Massilistercora	diasd_all						1	0.456133460968885	0.772227772227772	0.998272797817217	
Massilistercora	sbp_m_all						1	1.49935619247461	0.235764235764236	0.998272797817217	
Massilistercora	syssd_all						1	1.18180895301687	0.41958041958042	0.998272797817217	
Mediterranea	dbp_m_all						1	0.758115541368599	0.628371628371628	0.998272797817217	
Mediterranea	diasd_all						1	0.591132601883442	0.703296703296703	0.998272797817217	
Mediterranea	sbp_m_all						1	1.4898183032095	0.241758241758242	0.998272797817217	
Mediterranea	syssd_all						1	1.02091437918637	0.495504495504496	0.998272797817217	
Mesosutterella	diasd_all						1	0.431588162620783	0.779220779220779	0.998272797817217	
Mesosutterella	sbp_m_all						1	0.398683771281416	0.805194805194805	0.998272797817217	
Mesosutterella	syssd_all						1	1.16073942549145	0.427572427572428	0.998272797817217	
Methanobrevibacter	dbp_m_all						1	1.80883708116017	0.0889110889110889	0.931449502878074	
Methanobrevibacter	diasd_all						1	1.9840782831382	0.043956043956044	0.666430343849699	
Methanobrevibacter	sbp_m_all						1	1.90376269731509	0.031968031968032	0.654229491438794	
Methanobrevibacter	syssd_all						1	1.93648112074563	0.0136753831832138	0.455458527147872	
Methanomassiliicoccus	diasd_all						1	1.69771646907701	0.161838161838162	0.998272797817217	
Methanomassiliicoccus	sbp_m_all						1	0.776384186179599	0.617382617382617	0.998272797817217	
Methanomassiliicoccus	syssd_all						1	1.79857148603378	0.0989010989010989	0.955566172957477	
Methanosphaera	dbp_m_all						1	0.744815268713009	0.633366633366633	0.998272797817217	
Methanosphaera	diasd_all						1	1.00022090768513	0.480519480519481	0.998272797817217	
Methanosphaera	sbp_m_all						1	1.56993657303639	0.206793206793207	0.998272797817217	
Methanosphaera	syssd_all						1	1.38675799349143	0.326673326673327	0.998272797817217	
Mogibacterium	dbp_m_all						1	1.68723458830906	0.148851148851149	0.998272797817217	
Mogibacterium	diasd_all						1	0.00409088305801692	0.995004995004995	0.998272797817217	
Mogibacterium	sbp_m_all						1	1.57375172874243	0.204795204795205	0.998272797817217	
Mogibacterium	syssd_all						1	0.220272333220324	0.891108891108891	0.998272797817217	
Monoglobus	diasd_all						1	0.0429542721091775	0.977022977022977	0.998272797817217	
Muribaculum	dbp_m_all						1	0.858817605760919	0.574425574425574	0.998272797817217	
Muribaculum	diasd_all						1	0.636132315521628	0.683316683316683	0.998272797817217	
Muribaculum	sbp_m_all						1	1.5527683723592	0.212787212787213	0.998272797817217	
Muribaculum	syssd_all						1	1.54956797891515	0.238761238761239	0.998272797817217	
Negativibacillus	syssd_all						1	0.0574623477966062	0.963036963036963	0.998272797817217	
Neglecta	dbp_m_all						1	0.490210049306011	0.757242757242757	0.998272797817217	
Odoribacter	dbp_m_all						3	1.24505286738864	0.257742257742258	0.998272797817217	
Odoribacter	diasd_all						3	1.39530408511585	0.168831168831169	0.998272797817217	
Odoribacter	sbp_m_all						3	1.48294488649093	0.113886113886114	0.980557903634827	
Odoribacter	syssd_all						3	1.84258370320113	0.00889279591382427	0.385992466991219	
Oxalobacter	dbp_m_all						4	1.25772944199907	0.221778221778222	0.998272797817217	
Paraprevotella	diasd_all						1	0.0593178043412451	0.971028971028971	0.998272797817217	
Paraprevotella	sbp_m_all						1	0.242262387333683	0.883116883116883	0.998272797817217	
Paraprevotella	syssd_all						1	0.302635031728793	0.852147852147852	0.998272797817217	
Parasutterella	dbp_m_all						2	0.929751754223943	0.579420579420579	0.998272797817217	
Parasutterella	diasd_all						2	0.966368118317256	0.554445554445555	0.998272797817217	
Parasutterella	sbp_m_all						2	1.01775502681338	0.502497502497502	0.998272797817217	
Parolsenella	dbp_m_all						1	0.649813321173085	0.681318681318681	0.998272797817217	
Parolsenella	sbp_m_all						1	0.806905431827937	0.601398601398601	0.998272797817217	
Peptoniphilus	dbp_m_all						1	0.180503700325857	0.907092907092907	0.998272797817217	
Peptoniphilus	sbp_m_all						1	0.669559826410416	0.664335664335664	0.998272797817217	
Peptoniphilus	syssd_all						1	0.649324530101651	0.667332667332667	0.998272797817217	
Phascolarctobacterium	diasd_all						2	0.215419559708222	0.95004995004995	0.998272797817217	
Phocaeicola	dbp_m_all						7	1.30866198035549	0.15984015984016	0.998272797817217	
Phoenicibacter	diasd_all						1	0.713859093623949	0.649350649350649	0.998272797817217	
Phoenicibacter	syssd_all						1	1.31588776454228	0.358641358641359	0.998272797817217	
Porphyromonas	sbp_m_all						2	0.255903855110465	0.943056943056943	0.998272797817217	
Prevotellamassilia	dbp_m_all						1	0.763815658220994	0.627372627372627	0.998272797817217	
Prevotellamassilia	sbp_m_all						1	0.295674567218275	0.86013986013986	0.998272797817217	
Propionibacterium	dbp_m_all						1	0.0589012074747533	0.964035964035964	0.998272797817217	
Propionibacterium	sbp_m_all						1	0.860317611712528	0.581418581418581	0.998272797817217	
Pseudomonas	dbp_m_all						2	1.19725609093152	0.358641358641359	0.998272797817217	
Pseudomonas	sbp_m_all						2	0.916174870586322	0.587412587412587	0.998272797817217	
Pseudomonas	syssd_all						2	0.580618887898194	0.806193806193806	0.998272797817217	
Pseudoruminococcus	dbp_m_all						1	1.83543762647134	0.0699300699300699	0.842992623814542	
Pseudoruminococcus	diasd_all						1	1.55658100357543	0.225774225774226	0.998272797817217	
Pseudoruminococcus	sbp_m_all						1	1.52987743812294	0.21978021978022	0.998272797817217	
Pseudoruminococcus	syssd_all						1	1.04006849511857	0.486513486513487	0.998272797817217	
Rubneribacter	dbp_m_all						1	1.65873400404708	0.163836163836164	0.998272797817217	
Rubneribacter	diasd_all						1	0.52772391448418	0.734265734265734	0.998272797817217	
Rubneribacter	sbp_m_all						1	1.0472602413086	0.487512487512488	0.998272797817217	
Ruthenibacterium	syssd_all						1	0.400321022983024	0.795204795204795	0.998272797817217	
Saccharomyces	dbp_m_all						1	0.51681059461719	0.746253746253746	0.998272797817217	
Saccharomyces	diasd_all						1	1.10249298413555	0.445554445554446	0.998272797817217	
Saccharomyces	sbp_m_all						1	0.86222518956555	0.58041958041958	0.998272797817217	
Saccharomyces	syssd_all						1	0.352435733152519	0.822177822177822	0.998272797817217	
Schaalia	dbp_m_all						1	0.228004674095819	0.889110889110889	0.998272797817217	
Schaalia	syssd_all						1	0.978775324135527	0.511488511488512	0.998272797817217	
Selenomonas	dbp_m_all						1	0.0247005063603803	0.98001998001998	0.998272797817217	
Selenomonas	sbp_m_all						1	0.417759549811627	0.798201798201798	0.998272797817217	
Sneathia	dbp_m_all						1	0.0855017527859322	0.952047952047952	0.998272797817217	
Sneathia	diasd_all						1	0.227044009719938	0.886113886113886	0.998272797817217	
Sneathia	syssd_all						1	1.26417165152534	0.385614385614386	0.998272797817217	
Solobacterium	dbp_m_all						1	1.09822251356153	0.451548451548452	0.998272797817217	
Solobacterium	diasd_all						1	0.310907112409284	0.836163836163836	0.998272797817217	
Solobacterium	sbp_m_all						1	0.614240068672803	0.699300699300699	0.998272797817217	
Subdoligranulum	diasd_all						1	0.709768210565932	0.65034965034965	0.998272797817217	
Subdoligranulum	sbp_m_all						1	0.797367542562831	0.608391608391608	0.998272797817217	
Succinatimonas	dbp_m_all						1	0.300206154226162	0.858141858141858	0.998272797817217	
Succinatimonas	diasd_all						1	0.615677900231544	0.691308691308691	0.998272797817217	
Terrisporobacter	syssd_all						1	0.509499483796575	0.734265734265734	0.998272797817217	
Traorella	dbp_m_all						1	1.07162196825035	0.463536463536464	0.998272797817217	
Traorella	diasd_all						1	0.341588735344411	0.822177822177822	0.998272797817217	
Traorella	sbp_m_all						1	0.763031141208451	0.624375624375624	0.998272797817217	
Traorella	syssd_all						1	0.0919397564745701	0.944055944055944	0.998272797817217	
Turicibacter	sbp_m_all						1	0.471171729696219	0.774225774225774	0.998272797817217	
Turicimonas	diasd_all						1	0.0245452983481013	0.988011988011988	0.998272797817217	
Turicimonas	syssd_all						1	0.0057462347796606	0.992007992007992	0.998272797817217	
Tyzzerella	diasd_all						1	1.05544782896836	0.461538461538462	0.998272797817217	
Tyzzerella	syssd_all						1	1.54382174413549	0.240759240759241	0.998272797817217	
Victivallis	dbp_m_all						2	0.683585301985424	0.758241758241758	0.998272797817217	
Victivallis	diasd_all						2	1.55424205696025	0.108891108891109	0.980557903634827	
Victivallis	sbp_m_all						2	1.18184604841093	0.375624375624376	0.998272797817217	
Victivallis	syssd_all						2	1.212141670626	0.358641358641359	0.998272797817217	
Weissella	syssd_all						2	0.704196589601769	0.73026973026973	0.998272797817217	
